"0","    #| echo: false"
"0","    #| message: false"
"0","    #| warning: false"
"0",""
"0",""
"0","    set.seed(123)"
"0",""
"0","    # Paramètres"
"0","    beta0 <- 10"
"0","    beta1 <- 2"
"0","    sigma <- 2"
"0",""
"0","    # Données"
"0","    n <- 500"
"0",""
"0","    data <- data.frame("
"0","      X = runif(n, 1, 10)"
"0","    )"
"0",""
"0","    data$Y <- beta0 + beta1 * data$X + rnorm(n, 0, sigma)"
"0",""
"0","    # ---------------------------------------------------------"
"0","    # On regarde uniquement les observations autour de X = 6"
"0","    # ---------------------------------------------------------"
"0",""
"0","    x_fixed <- 6"
"0","    width <- 0.15"
"0",""
"0","    data_x6 <- data %>%"
"0","      filter(abs(X - x_fixed) < width)"
"0",""
"0","    # Moyenne théorique et écart-type"
"0","    mu_x6 <- beta0 + beta1 * x_fixed"
"0",""
"0","    # ---------------------------------------------------------"
"0","    # Densité normale de Y | X = 6"
"0","    # ---------------------------------------------------------"
"0",""
"0","    y_grid <- seq("
"0","      mu_x6 - 4 * sigma,"
"0","      mu_x6 + 4 * sigma,"
"0","      length.out = 300"
"0","    )"
"0",""
"0","    dens <- dnorm(y_grid, mean = mu_x6, sd = sigma)"
"0",""
"0","    # Mise à l'échelle de la densité pour l'affichage horizontal"
"0","    dens_scaled <- dens / max(dens) * 0.7"
"0",""
"0","    normal_curve <- data.frame("
"0","      X = x_fixed + dens_scaled,"
"0","      Y = y_grid"
"0","    )"
"0",""
"0","    # ---------------------------------------------------------"
"0","    # Graphique"
"0","    # ---------------------------------------------------------"
"0",""
"0","    ggplot(data, aes(X, Y)) +"
"0",""
"0","      # Tous les points"
"0","      geom_point("
"0","        alpha = 0.25,"
"0","        size = 2"
"0","      ) +"
"0",""
"0","      # Bande autour de X = 6"
"0","      geom_rect("
"0","        aes("
"0","          xmin = x_fixed - width,"
"0","          xmax = x_fixed + width,"
"0","          ymin = -Inf,"
"0","          ymax = Inf"
"0","        ),"
"0","        inherit.aes = FALSE,"
"0","        alpha = 0.12"
"0","      ) +"
"0",""
"0","      # Points correspondant à X ≈ 6"
"0","      geom_point("
"0","        data = data_x6,"
"0","        aes(X, Y),"
"0","        size = 3"
"0","      ) +"
"0",""
"0","      # Moyenne théorique"
"0","      geom_point("
"0","        aes(x = x_fixed, y = mu_x6),"
"0","        inherit.aes = FALSE,"
"0","        size = 5"
"0","      ) +"
"0",""
"0","      # Ligne indiquant la moyenne"
"0","      geom_hline("
"0","        yintercept = mu_x6,"
"0","        linetype = ""dashed"""
"0","      ) +"
"0",""
"0","      # Courbe normale verticale"
"0","      geom_path("
"0","        data = normal_curve,"
"0","        aes(X, Y),"
"0","        linewidth = 1.3"
"0","      ) +"
"0",""
"0","      # Ligne verticale X = 6"
"0","      geom_vline("
"0","        xintercept = x_fixed,"
"0","        linetype = ""dotted"""
"0","      ) +"
"0",""
"0","      annotate("
"0","        ""text"","
"0","        x = 6.8,"
"0","        y = mu_x6 + 3.5,"
"0","        label = ""Y | X = 6"","
"0","        hjust = 0,"
"0","        size = 5"
"0","      ) +"
"0",""
"0","      annotate("
"0","        ""text"","
"0","        x = 6.8,"
"0","        y = mu_x6 + 2.8,"
"0","        label = ""N(β₀ + β₁ × 6, σ²)"","
"0","        hjust = 0,"
"0","        size = 4"
"0","      ) +"
"0",""
"0","      annotate("
"0","        ""text"","
"0","        x = 6,"
"0","        y = mu_x6 + 0.4,"
"0","        label = ""moyenne = β₀ + β₁ × 6"","
"0","        hjust = 0.5,"
"0","        size = 3.5"
"0","      ) +"
"0",""
"0","      labs("
"0","        x = ""X"","
"0","        y = ""Y"""
"0","      ) +"
"0",""
"0","      theme_minimal(base_size = 14) +"
"0","      coord_cartesian(xlim = c(1, 8))"
