"0","#| echo: false"
"0","#| message: false"
"0","#| warning: false"
"0","#| fig-height: 8"
"0",""
"0","mod <- lm(CL ~ FL, data = crabs)"
"0",""
"0","R2 <- sprintf(""%.3f"", summary(mod)$r.squared)"
"0",""
"0","ggplot(crabs, aes(x = FL, y = CL)) +"
"0","  geom_point("
"0","    size = 4,"
"0","    color = ""#0072B2"","
"0","    alpha = 0.6"
"0","  ) +"
"0","  geom_smooth("
"0","    method = ""lm"","
"0","    se = FALSE,"
"0","    color = ""#E69F00"","
"0","    linewidth = 2"
"0","  ) +"
"0","  labs("
"0","    title = bquote(R^2 == .(R2)),"
"0","    x = ""FL"","
"0","    y = ""CL"""
"0","  ) +"
"0","  theme_minimal(base_size = 20) +"
"0","  theme("
"0","    plot.title = element_text("
"0","      size = 28,"
"0","      face = ""bold"","
"0","      hjust = 0.5"
"0","    ),"
"0","    axis.title = element_text(size = 24),"
"0","    axis.text = element_text(size = 20)"
"0","  )"
